{
  "id": "",
  "name": "",
  "font_family": "iconfont",
  "css_prefix_text": "icon-",
  "description": "",
  "glyphs": [
    {
      "icon_id": "826948",
      "name": "登录",
      "font_class": "denglu-copy",
      "unicode": "e63a",
      "unicode_decimal": 58938
    },
    {
      "icon_id": "6929256",
      "name": "密码",
      "font_class": "mima",
      "unicode": "e635",
      "unicode_decimal": 58933
    },
    {
      "icon_id": "8288894",
      "name": "星星",
      "font_class": "xingxing",
      "unicode": "e859",
      "unicode_decimal": 59481
    }
  ]
}
